Product Title,Price
All colors start from childhood,15.95
Remote control car with mechanism,19.90
Pennyboard,95.90
Musical machine with mechanism,14.90
Water gun,29.90
Water gun,13.90
Water gun,38.90
წყლის თოფი,18.90
წყლის თოფი,26.90
წყლის თოფი,40.90
წყლის თოფი,33.90
ქვიშის ნაკრები,11.90
ქვიშის ნაკრები,15.90
ქვიშის ნაკრები,7.90
ქვიშის ნაკრები,15.90
ქვიშის ნაკრები,14.90
ქვიშის ნაკრები,12.90
ქვიშის ნაკრები,14.90
ქვიშის ნაკრები,14.90
ქვიშის ნაკრები,16.90
ქვიშის ნაკრები,15.90
ქვიშის ნაკრები,18.90
ხის ფაზელი,3.50
ხის გასაფერადებელი ფიგურა,4.90
ხის გასაფერადებელი ფიგურა,4.90
ხის გასაფერადებელი ფიგურა,5.90
ხის ლოგიკური სათამაშო,9.90
ხის მანქანა,12.90
ხის პირამიდა,15.90
ხის პირამიდა,16.90
ხის მანქანა ჩაქუჩით,39.90
ხის გასაფერადებელი ფიგურა,4.50
ხის ფაზელი,7.90
ხის ფაზელი,7.90
ხის ლოგიკური სათამაშო,8.90
ხის საათი,14.90
ხის პირამიდა,13.90
ხის სათამაშო ლაბირინთი,15.90
ხის სათამაშო ჩაქუჩით,13.90
ხის ლოგიკური სათამაშო,15.90
ხის ქსილოფონი,26.90
ხის ქსილოფონი,22.90
ხის ქსილოფონი,23.90
ხის ლოგიკური სათამაშო,26.90
ხის სათამაშო ჩაქუჩით,30.90
ხის კუბიკები,33.90
ხის დოლი,31.90
ხის მანქანა და ციფრები,33.90
ცარცით საწერი ხის დაფა,15.90
ცარცით საწერი ხის დაფა,11.90
ფუნჯების ნაკრები,16.90
ფუნჯების ნაკრები,15.90
ფუნჯების ნაკრები,12.90
ფუნჯების ნაკრები,8.90
საბავშვო რბილი ბლოკნოტი,10.90
ბლოკნოტი,8.90
ბლოკნოტი,13.90
მაგნიტური დაფა,5.50
მაგნიტური დაფა,6.50
პენალი,13.90
